<?xml version="1.0" encoding="UTF-8"?>
<project-private xmlns="http://www.netbeans.org/ns/project-private/1">
    <editor-bookmarks xmlns="http://www.netbeans.org/ns/editor-bookmarks/2" lastBookmarkId="0"/>
    <open-files xmlns="http://www.netbeans.org/ns/projectui-open-files/2">
        <group>
            <file>file:/home/gusdian/NetBeansProjects/MsgProj/src/RegisterScreen.java</file>
            <file>file:/home/gusdian/NetBeansProjects/MsgProj/src/HomeFrame.java</file>
            <file>file:/home/gusdian/NetBeansProjects/MsgProj/src/LoginScreen.java</file>
            <file>file:/home/gusdian/NetBeansProjects/MsgProj/src/searchUsers.java</file>
            <file>file:/home/gusdian/NetBeansProjects/MsgProj/src/newUser.java</file>
        </group>
    </open-files>
</project-private>
